{
    "Accuracy": 0.75,
    "Precision": 0.7575757575757576,
    "Recall (Sensitivity)": 0.9433962264150944,
    "F1 Score": 0.8403361344537815,
    "Specificity": 0.30434782608695654
}