{
    "goals_scored": 0.15810197591781616,
    "bps": 0.13607031106948853,
    "clean_sheets": 0.10935400426387787,
    "minutes": 0.10328543931245804,
    "assists": 0.0907239094376564,
    "bonus": 0.07985246181488037,
    "minutes_influence": 0.0729961097240448,
    "influence": 0.07116574048995972,
    "selected_by_percent": 0.06213800236582756,
    "goal_assist_interaction": 0.04596251994371414,
    "threat": 0.031023576855659485,
    "yellow_cards": 0.015969498082995415,
    "red_cards": 0.008526233956217766,
    "ict_index": 0.006342187523841858,
    "goals_conceded": 0.006089028436690569,
    "now_cost": 0.0022915061563253403,
    "creativity": 0.00010750594083219767
}