{
    "goals_scored": 0.16105112433433533,
    "minutes": 0.15593239665031433,
    "clean_sheets": 0.10071815550327301,
    "bps": 0.09113834798336029,
    "minutes_influence": 0.08084440231323242,
    "bonus": 0.07240278273820877,
    "influence": 0.06554865092039108,
    "selected_by_percent": 0.06384720653295517,
    "assists": 0.06016096845269203,
    "goal_assist_interaction": 0.037735190242528915,
    "creativity": 0.03473975881934166,
    "ict_index": 0.029727691784501076,
    "red_cards": 0.015383780933916569,
    "now_cost": 0.01119086891412735,
    "goals_conceded": 0.011111144907772541,
    "yellow_cards": 0.007966766133904457,
    "threat": 0.0005008539301343262
}