{
    "goals_scored": 0.17837752401828766,
    "clean_sheets": 0.12951332330703735,
    "bps": 0.11500879377126694,
    "minutes": 0.09295249730348587,
    "bonus": 0.09030082076787949,
    "assists": 0.08849553018808365,
    "influence": 0.07583431154489517,
    "minutes_influence": 0.05013700947165489,
    "ict_index": 0.041538409888744354,
    "selected_by_percent": 0.04129091650247574,
    "creativity": 0.023163819685578346,
    "threat": 0.021750537678599358,
    "goal_assist_interaction": 0.02010721154510975,
    "red_cards": 0.012127116322517395,
    "now_cost": 0.012013638392090797,
    "yellow_cards": 0.0038650918286293745,
    "goals_conceded": 0.0035235187970101833
}