{
    "MAE": 2.0932727344334126,
    "MSE": 21.012633661254924,
    "R^2": 0.9806673243112234,
    "Best Hyperparameters": {
        "lr": 0.006005391660304422,
        "weight_decay": 5.427380116241099e-06,
        "dropout_rate": 0.1324142240490757,
        "batch_size": 64.0,
        "hidden_layer_1": 512.0,
        "hidden_layer_2": 128.0,
        "hidden_layer_3": 32.0
    }
}