{
    "MAE": 2.071662943222021,
    "MSE": 10.679444198714368,
    "R^2": 0.9895448522969045,
    "Best Hyperparameters": {
        "lr": 0.007057411622218486,
        "weight_decay": 0.0006022392024997156,
        "dropout_rate": 0.29076565397499,
        "batch_size": 128.0,
        "hidden_layer_1": 128.0,
        "hidden_layer_2": 256.0,
        "hidden_layer_3": 128.0
    }
}