{
    "MAE": 2.1310560379765535,
    "MSE": 11.554233418048138,
    "R^2": 0.9889627620985514,
    "Best Hyperparameters": {
        "lr": 0.0032847919330679957,
        "weight_decay": 1.2650571468880242e-06,
        "dropout_rate": 0.11018503280825485,
        "batch_size": 128.0,
        "hidden_layer_1": 512.0,
        "hidden_layer_2": 256.0,
        "hidden_layer_3": 128.0
    }
}