{
    "accuracy": 0.9671052631578947,
    "auc": 0.9991341991341992,
    "confusion_matrix": [
        [
            76,
            1
        ],
        [
            4,
            71
        ]
    ],
    "classification_report": "              precision    recall  f1-score   support\n\n           0       0.95      0.99      0.97        77\n           1       0.99      0.95      0.97        75\n\n    accuracy                           0.97       152\n   macro avg       0.97      0.97      0.97       152\nweighted avg       0.97      0.97      0.97       152\n",
    "feature_importances": [
        0.0021695107231954887,
        0.006050858548749345,
        7.580378655906608e-05,
        0.0012244740999619327,
        0.011487031715057308,
        0.0009427480872880892,
        0.0033658473479207373,
        0.012952641025252905,
        0.007599865736954475,
        3.96113731258535e-05,
        0.9210482154039584,
        0.016637837398232772,
        0.00034803880261174936,
        0.0006259697273297742,
        0.0005209897788296748,
        0.009203369602288809,
        0.005030834344224386,
        0.0006763524984591811
    ]
}