{
    "R2": 0.5695297718048096,
    "RMSE": 22.53990872544879,
    "MAE": 10.874957084655762
}