{
    "accuracy": 0.9342105263157895,
    "auc": 0.9797402597402597,
    "confusion_matrix": [
        [
            75,
            0
        ],
        [
            10,
            67
        ]
    ],
    "classification_report": "              precision    recall  f1-score   support\n\n           0       0.88      1.00      0.94        75\n           1       1.00      0.87      0.93        77\n\n    accuracy                           0.93       152\n   macro avg       0.94      0.94      0.93       152\nweighted avg       0.94      0.93      0.93       152\n",
    "coefficients": [
        0.42761513625591624,
        0.8846162685727236,
        1.2468573781469008,
        2.3273553112406353,
        1.0858323996218213
    ]
}