{
    "accuracy": 0.9210526315789473,
    "auc": 0.9804329004329003,
    "confusion_matrix": [
        [
            75,
            0
        ],
        [
            12,
            65
        ]
    ],
    "classification_report": "              precision    recall  f1-score   support\n\n           0       0.86      1.00      0.93        75\n           1       1.00      0.84      0.92        77\n\n    accuracy                           0.92       152\n   macro avg       0.93      0.92      0.92       152\nweighted avg       0.93      0.92      0.92       152\n",
    "coefficients": [
        0.006516986693098987,
        0.008402543962616943,
        0.01066709520867477,
        0.012200674131293816,
        0.008505647510916117
    ]
}