{
    "MAE": 4.717325405070656,
    "MSE": 43.35438216030276,
    "Best Hyperparameters": {
        "lr": 0.000998728054467467,
        "gamma": 0.9235631821790495,
        "eps_clip": 0.22554357261466415,
        "batch_size": 32,
        "epochs": 27
    }
}